{
  "roi_points": [
    [
      8,
      456
    ],
    [
      840,
      456
    ],
    [
      763,
      110
    ],
    [
      85,
      110
    ]
  ],
  "mode": "highway",
  "frame_wh": [
    848,
    478
  ],
  "fractions": {
    "bl_x": 0.01,
    "br_x": 0.99,
    "y_bottom": 0.9539748953974896,
    "tl_x": 0.1,
    "tr_x": 0.9,
    "y_top": 0.2301255230125523
  }
}